LINK,ANNO,AMBIENTE (BLOG/NEWS/SITI DI PRIVATI/ENTI PUBBLICI/ACADEMIC/SOCIAL/WIKI)
https://en.wikipedia.org/wiki/Google_Spain_v_AEPD_and_Mario_Costeja_Gonz%C3%A1lez,2014,WIKI
https://en.wikipedia.org/wiki/Right_to_be_forgotten,2014,WIKI
http://www.ilpost.it/2014/05/13/sentenza-corte-europea-diritto-oblio-google/,2014,NEWS
http://www.rainews.it/dl/rainews/articoli/Arriva-il-modulo-di-Google-per-la-cancellazione-dei-dati-personali-63d75dd6-31be-4365-9b1e-664e39e6c7c9.html,2014,NEWS
http://www.theguardian.com/world/blog/2014/may/14/mario-costeja-gonzalez-fight-right-forgotten,2014,NEWS
http://www.theguardian.com/technology/2014/may/13/spain-everyman-google-mario-costeja-gonzalez,2014,NEWS
http://archivio.internazionale.it/tag/mario-costeja-gonzalez,2014,NEWS
http://www.newsweek.com/man-who-sued-google-be-forgotten-252854,2014,NEWS
http://derechoaleer.org/en/blog/2014/05/the-unforgettable-story-of-the-seizure-to-the-defaulter-mario-costeja-gonzalez-that-happened-in-1998.html,2014,NEWS
http://www.bbc.com/news/technology-27394751,2014,NEWS
http://curia.europa.eu/juris/document/document_print.jsf?doclang=EN&docid=152065,2014,ENTI PUBBLICI
http://eur-lex.europa.eu/legal-content/IT/TXT/?uri=CELEX:62012CJ0131,2014,ENTI PUBBLICI
http://curia.europa.eu/jcms/upload/docs/application/pdf/2014-05/cp140070it.pdf,2014,ENTI PUBBLICI
http://curia.europa.eu/juris/liste.jsf?num=C-131/12,2014,ENTI PUBBLICI
http://www.theatlantic.com/international/archive/2014/05/europes-troubling-new-right-to-be-forgotten/370796/,2014,NEWS
http://europeanlawblog.eu/?tag=c-13112-google-spain-v-aepd-and-mario-costeja-gonzalez,2014,BLOG LAWYER
http://eutopialaw.com/2014/05/16/case-comment-google-spain-sl-google-inc-v-agencia-espanola-de-proteccion-de-datos-mario-costeja-gonzalez/,2014,BLOG LAWYER
http://www.lejdd.fr/Medias/Internet/Mario-Costeja-Gonzalez-l-homme-qui-a-fait-plier-Google-674891%20,2014,NEWS
http://www.webnews.it/2014/05/13/corte-europea-google-diritto-alloblio/,2014,NEWS
http://www.bbc.com/news/technology-27394751,2014,NEWS
https://www.tumblr.com/search/Mario+Costeja+Gonz%C3%A1lez,2014,SOCIAL
http://www.blogstudiolegalefinocchiaro.it/tag/mario-costeja-gonzalez/,2014,BLOG LAWYER
https://andreasmoser.wordpress.com/2014/05/21/mario-costeja-gonzalez/,2014,BLOG INTERNET
http://hemeroteca.lavanguardia.com/preview/1998/01/19/pagina-23/33842001/pdf.html,2011,NEWS VANGUARDIA
http://www.wptv.com/news/science-tech/mario-costeja-gonzalez-google-complaint-sparks-eu-court-of-justice-right-to-be-forgotten-ruling,2014,NEWS
http://www.jonathanbishop.com/8613/unplugged-and-uncut/review-of-the-ecj-right-to-be-forgotten-ruling/,2014,BLOG LAWYER
http://www.corrierecomunicazioni.it/it-world/27555_privacy-corte-ue-google-sempre-responsabile-dei-dati-personali-anche-di-terze-parti.htm,2014,NEWS
http://247.libero.it/dsearch/mario+costeja+gonzalez/,2014,NEWS
http://itlaw.wikia.com/wiki/Google_Spain_SL_v._Mario_Costeja_Gonz%C3%A1lez,2014,SOCIAL
http://www.onebrickcourt.com/cases.aspx?menu=main&pageid=42&caseid=600,2014,NEWS
https://soundcloud.com/m-rten-schultz/s03e08-mario-costeja-gonzalez/likes,2014,SOCIAL
http://www.channel4.com/news/google-eu-court-right-to-be-forgotten-privacy,2014,NEWS
https://twitter.com/omertene/status/467125832864256000,2014,SOCIAL
http://www.welt.de/wirtschaft/webwelt/article127964848/Dieser-Spanier-zwingt-Google-in-die-Knie.html,2014,NEWS
http://thehoopla.com.au/tag/mario-costeja-gonzalez/,2014,NEWS
http://sociedad.elpais.com/sociedad/2013/03/21/actualidad/1363889407_114848.html,2013,NEWS
http://policyreview.info/tags/mario-costeja-gonzalez,2014,BLOG INTERNET
http://www.si24.it/tag/mario-costeja-gonzalez/,2014,NEWS
http://www.conjur.com.br/2014-mai-21/direito-apagar-dados-decisao-tribunal-europeu-google-espanha,2014,BLOG LAWYER
http://letsgetwise.com/tag/mario-costeja-gonzalez/,2014,NEWS
http://www.nytimes.com/2014/05/30/business/international/on-the-internet-the-right-to-forget-vs-the-right-to-know.html,2014,NEWS
http://argomenti.ilsole24ore.com/mario-costeja-gonzalez.html,2014,NEWS
http://blog.socialsafe.net/tag/mario-costeja-gonzalez/,2014,BLOG LAWYER
http://punto-informatico.it/4048752/PI/News/ue-google-sia-arbitro-dell-oblio.aspx,2014,BLOG INTERNET
http://vansonsoo.com/tag/mario-costeja-gonzalez/,2014,NEWS
http://freedomwatch.ipa.org.au/tag/mario-costeja-gonzalez/,2014,BLOG INTERNET
http://www.fabiomiliucci.it/blog/6-mario-costeja-gonzalez-vs-google-spain,2014,BLOG LAWYER
http://johnetherton.com/tag/mario-costeja-gonza%CC%81lez/,2014,BLOG INTERNET
http://www.lavozdegalicia.es/noticia/sociedad/2014/05/15/mario-costeja-gonzalez-nunca-defendido-derecho-olvido-internet/0003_201405G15P37991.htm,2014,NEWS
http://effemeride.it/tag/mario-costeja-gonzalez/,2014,BLOG
http://www.springerprofessional.de/der-unvergessene-mario-costeja-gonzalez/5187796.html,2014,BLOG LAWYER
http://www.pri.org/person/mario-costeja-gonzalez,2014,NEWS
http://www.totalpayments.org/tag/mario-costeja-gonzalez/,2014,NEWS
http://cpj.org/tags/Mario%20Costeja%20Gonz%C3%A1lez,2014,BLOG INTERNET
http://robpegoraro.com/tag/mario-costeja-gonzalez/,2014,NEWS
http://illinois.edu/blog/view/25/115958?displayType=month&displayMonth=201408,2014,BLOG INTERNET
http://www.ionline.pt/artigos/mundo/%5C%5C,2014,BLOG INTERNET
http://www.laprovinciadivarese.it/classification/person/Mario%20Costeja%20Gonzalez/,2014,NEWS
http://www.motorlife.it/search/mario+costeja+gonz%C3%A1lez,2014,NEWS
https://www.theojones.name/google-inc-v-mario-costeja-gonzalez-the-european-court-of-justice-right-to-be-forgotten-case-2/,2014,BLOG LAWYER
http://blog.mslgroup.com/tag/mario-costeja-gonzalez/,2014,BLOG LAWYER
http://www.businesscloudnews.com/tag/mario-costeja-gonzalez/,2014,BLOG INTERNET
http://www.downloadblog.it/post/108313/diritto-a-essere-dimenticati-google-perde-la-prima-causa-in-europa,2014,NEWS
http://www.asiasentinel.com/tag/mario-costeja-gonzalez/,2014,NEWS
http://vitadigitale.corriere.it/2014/05/13/la-ue-conferma-il-diritto-alloblio-su-internet-contro-google/,2014,BLOG INTERNET
http://www.npr.org/blogs/thetwo-way/2014/05/14/312430713/-i-m-happy-says-man-whose-case-changed-europe-s-rules-for-google,2014,NEWS
http://www.fattodiritto.it/diritto-alloblio-ed-internet-il-caso-di-google/,2014,BLOG LAWYER
http://www.wired.it/attualita/tech/2014/05/13/google-diritto-oblio-rimouvere-link/,2014,NEWS
http://rall.com/tag/mario-costeja-gonzalez,2014,BLOG 
http://inforrm.wordpress.com/2014/05/13/news-google-v-spain-landmark-ecj-decision-in-relation-to-freedom-of-expression-and-the-right-to-be-forgotten-lorna-woods/,2014,BLOG LAWYER
https://www.youtube.com/watch?v=BjCO_aFblHo,2014,SOCIAL
http://www.economist.com/news/international/21621804-google-grapples-consequences-controversial-ruling-boundary-between,2014,NEWS
http://www.ilsoftware.it/articoli.asp?tag=Google-dovra-garantire-il-diritto-all-oblio-Cosa-significa_10966,2014,NEWS
http://www.eticanews.it/tag/mario-costeja-gonzalez/,2014,NEWS
http://www.vocenuova.tv/news/tags/mario-costeja-gonzalez,2014,NEWS
http://www.spiegel.de/spam/satire-bei-spiegel-online-mario-costeja-gonzalez-vs-google-a-969288.html,2014,NEWS
http://www.elconfidencial.com/tecnologia/2013/02/27/el-espanol-deshonrado-que-puso-en-jaque-la-libertad-de-expresion-de-google-4352/,2014,NEWS
http://venturebeat.com/2014/05/13/this-is-what-the-right-to-be-forgotten-looks-like/,2014,NEWS
http://www.i-comp.org/wp-content/uploads/2014/07/RTBF-Overview1.pdf,2014,BLOG INTERNET
http://www.linkiesta.it/sentenza-corte-ue-google,2014,NEWS
http://www.ilfattoquotidiano.it/2014/07/05/diritto-alloblio-dalleuropa-70mila-richieste-a-google-ma-link-visibili-in-usa/1050279/,2014,NEWS
http://www.greenreport.it/news/comunicazione/clamorosa-sentenza-corte-ue-google-internet/#prettyPhoto[videospot]/0/,2014,NEWS
http://www.corrs.com.au/thinking/insights/google-fined-1-32-million-for-breach-of-privacy-implications-for-your-privacy-compliance-program/,2014,BLOG INTERNET
http://urbanchristiannews.com/tag/mario-costeja-gonzalez/,2014,NEWS
http://www.voxeurop.eu/en/content/blog/4774978-un-writing-history-right-be-forgotten,2014,NEWS
http://pailsolicitors.co.uk/tag/mr-mario-costeja-gonzalez,2014,BLOG LAWYER
http://www.leggioggi.it/wp-content/uploads/2014/05/sentenza-corte-di-giustizia.pdf,2014,BLOG LAWYER
https://news.ycombinator.com/item?id=7737301,2014,NEWS
http://blog.damako.it/tag/mario-costeja-gonzalez/,2014,BLOG
http://www.general-anzeiger-bonn.de/news/portraet/der-mann-der-google-in-die-knie-zwang-article1349855.html,2014,BLOG
http://www.nuovaresistenza.org/tag/mario-costeja-gonzalez/,2014,BLOG
http://fullcomment.nationalpost.com/2014/07/03/jesse-kline-a-right-to-be-forgotten-is-a-right-to-censor-others/,2014,NEWS
http://www.telegraph.co.uk/technology/google/10827653/Search-aborted.html,2014,NEWS
http://www.lastampa.it/2014/09/10/cultura/opinioni/editoriali/il-diritto-alloblio-5FI7Uw291pKkCbmoC3rrKJ/pagina.html,2014,NEWS
http://www.lemouv.fr/tag-mario-costeja-gonzalez,2014,BLOG
http://tychy.wordpress.com/tag/mario-costeja-gonzalez/,2014,BLOG
http://www.worldprivacyforum.org/wp-content/uploads/2014/05/WPF_GoogleSpainCaseAnalysis_fs.pdf,2014,BLOG LAWYER
https://entrepreneurseries.wordpress.com/tag/mario-costeja-gonzalez/,2014,BLOG
http://www.scribd.com/doc/246801790/Google-Spain-SL-Google-Inc-v-Agencia-Espanola-de-Proteccion-de-Datos-AEPD-Mario-Costeja-Gonzalez#scribd,2014,NEWS
http://www.technology-law-blog.co.uk/2014/05/its-over-olvidame-forget-me-google-v-costeja-gonz%C3%A1lez.html,2014,NEWS
http://www.fiercegovernmentit.com/tags/mario-costeja-gonz-lez,2014,BLOG INTERNET
http://www.wired.co.uk/news/archive/2014-05/15/tags/mario-costeja-gonzalez,2014,NEWS
http://www.cfr.org/privacy/guidelines-implementation-european-unions-judgment-google-spain-inc-v-agencia-espanola-de-proteccion-de-datos-aepd-mario-costeja-gonzalez/p33910,2014,BLOG LAWYER
http://www.vanguardia.com/actualidad/tecnologia/260100-mario-costeja-google-era-una-gran-herramienta-y-ahora-es-perfecta,2014,NEWS
http://au.ibtimes.com/articles/552592/20140515/eu-right-forgotten-google.htm#.VKwwmiuG8tQ,2014,NEWS
http://www.bustle.com/articles/34982-wikipedias-anti-right-to-be-forgotten-page-will-remember-you-if-google-forgets,2014,NEWS
http://www.newlawjournal.co.uk/nlj/content/lawyers-dismayed-over-cjeu-right-be-forgotten-ruling,2014,BLOG LAWYER
http://www.wired.it/attualita/tech/2014/05/13/google-diritto-oblio-rimouvere-link/,2014,NEWS
http://subhankarbhattacharya.com/tag/mario-costeja-gonzalez/,2014,BLOG INTERNET
http://www.magasinetparagraf.se/pod/juridikpodden-mario-costeja-gonzalez,2014,NEWS
http://www.popsci.com/article/technology/google-can-now-delete-your-past-how-much-should-be-erased,2014,NEWS
http://swarb.co.uk/google-spain-sl-v-agencia-espanola-de-proteccion-de-datos-aepd-gonzalez-ecj-13-may-2014/,2014,NEWS
http://www.newlawjournal.co.uk/nlj/content/lawyers-dismayed-over-cjeu-right-be-forgotten-ruling,2014,BLOG LAWYER
http://www.fiercegovernmentit.com/tags/mario-costeja-gonz-lez,2013,BLOG LAWYER
http://issuesinnigerianmarketingcommunicatio.blogspot.it/2014/06/the-right-to-be-forgotten-mario-costeja.html,2014,BLOG LAWYER
http://ukhumanrightsblog.com/2013/07/01/there-is-no-right-to-be-forgotten-by-internet-search-engines/,2014,BLOG LAWYER
http://junon.univ-cezanne.fr/u3iredic/?p=15921,2014,BLOG LAWYER
http://www.smh.com.au/comment/charles-waterstreet-the-law-is-full-of-ironies--the-more-privacy-we-seek-the-more-that-is-seen--take-barbara-streisand-20141018-117u0w.html,2014,NEWS
http://time.com/100553/you-have-the-right-to-be-forgotten/,2014,NEWS
http://tychy.wordpress.com/tag/mario-costeja-gonzalez/,2014,BLOG
http://www.2civility.org/do-lawyers-have-a-right-to-be-forgotten/,2014,NEWS
http://societadigitale.tumblr.com/post/85668665455/mario-vs-google-chi-lha-detto-che-golia-vince,2014,BLOG INTERNET
http://www.5rb.com/case/google-spain-sl-v-agencia-espanola-de-proteccion-de-datos/,2014,BLOG LAWYER
http://ukhumanrightsblog.com/2013/07/01/there-is-no-right-to-be-forgotten-by-internet-search-engines/,2013,BLOG LAWYER
http://www.skadden.com/newsletters/Privacy_Cybersecurity_Update_May_2014.pdf,2014,BLOG LAWYER
http://www.tomshw.it/cont/news/scurdammoce-o-passato-google-dovra-cancellare-i-dati/56041/1.html,2014,NEWS
http://www.medialaws.eu/court-of-justice-of-the-european-union-judgment-in-case-c-13112-google-spain-sl-google-inc-v-agencia-espanola-de-proteccion-de-datos-mario-costeja-gonzalez/,2014,BLOG INTERNET
http://www.silha.umn.edu/news/Summer%202014/SILHACENTEREuropeanHighCourtRulesUniversityofMinnesota.html,2014,ACADEMIC
http://blog.justcite.com/the-right-to-be-forgotten-unless-youre-worth-remembering,2014,BLOG LAWYER
http://articles.chicagotribune.com/2014-05-21/opinion/ct-google-forgotten-right-europe-clarence-page-ope-20140521_1_search-results-search-engine-google,2014,NEWS
http://www.thenational.ae/thenationalconversation/comment/if-google-is-forced-to-forget-the-internet-will-remember,2014,NEWS
http://www.lexology.com/library/detail.aspx?g=3f9ddd42-5414-41ec-b719-235ab7b16fa1,2014,BLOG LAWYER
http://uk.practicallaw.com/3-568-1987,2014,BLOG LAWYER
https://www.kingsleynapley.co.uk/news-and-events/blogs/dispute-resolution-law-blog/european-court-of-justice-upholds-right-to-be-forgotten-in-google-challenge,2014,BLOG LAWYER
http://www.scl.org/site.aspx?i=ne37139,2014,BLOG INTERNET
http://www.openmediacoalition.it/documenti/ecj-google-spain-sl-google-inc-v-agencia-espanola-de-proteccion-de-datos-aepd-case-c%E2%80%9113112/,2013,BLOG INTERNET
http://tn.com.ar/personajes/mario-costeja-gonzalez,2014,NEWS
http://www.washingtonexaminer.com/should-you-be-allowed-to-erase-yourself-from-google/article/2556972,2014,NEWS
http://www.theblaze.com/stories/2014/05/14/wikipedia-founder-slams-shocking-eu-court-ruling-on-internet-censorship/,2014,NEWS
http://www.pianetacellulare.it/post/Google/32491_Ue-conferma-diritto-Oblio-Google-deve-eliminare-i-risultati.php,2014,NEWS
http://www.2civility.org/do-lawyers-have-a-right-to-be-forgotten/,2014,BLOG LAWYER
http://www.privacy-europe.com/blog/why-google-v-aepd-is-a-highly-relevant-privacy-case-to-be-followed/,2013,BLOG LAWYER
http://bigjump.cemitds.it/il-diritto-alloblio-e-i-motori-di-ricerca-la-sentenza-della-corte-di-giustizia-europea/,2014,BLOG INTERNET
http://www.eindhovennews.nl/opinion/24073-the-right-to-be-forgotten.html,2014,NEWS
"https://www.google.com/url?sa=t&rct=j&q=&esrc=s&source=web&cd=141&ved=0CBwQFjAAOIwB&url=http%3A%2F%2Fwww.theworldlawgroup.com%2FDocument.asp%3FMODE%3DDOWNLOAD%26DocID%3D1850&ei=czKsVPv0O8yzaYDygTA&usg=AFQjCNFIUd6mwoJ0HtA9eAzIvsameRB3cg&sig2=7lobwif0Gs2SvTVIRFe60Q&bvm=bv.82001339,bs.1,d.d24&cad=rja",2014,BLOG LAWYER
http://www.businessweek.com/articles/2014-05-22/google-can-coexist-with-the-right-to-be-forgotten,2014,NEWS
http://www.rjrnewsonline.com/opinion/the-right-to-be-forgotten-internet-regulation-and-freedom-of-information,2014,NEWS
http://www.mckinty-wright.co.uk/google-right-forgotten/,2014,BLOG LAWYER
http://www.business-standard.com/article/opinion/the-right-to-be-forgotten-114061400928_1.html,2014,NEWS
http://mlonml.com/tag/mario-costeja-conzalez/,2014,NEWS
http://www.ip-watch.org/2014/07/04/the-european-right-to-be-forgotten-might-be-a-pandoras-box/,2014,BLOG INTERNET
http://www.rpc.co.uk/index.php?option=com_easyblog&view=entry&id=1121&Itemid=107,2014,BLOG LAWYER
http://www.mateobuenoabogado.com/index.php/noticias/62-mario-costeja-gonzalez-un-quijote-que-ha-vencido-a-google,2014,BLOG LAWYER
https://netzpolitik.org/2014/kommentar-zum-eugh-urteil-das-gericht-hat-recht-aber-das-ergebnis-ist-falsch/,2014,BLOG LAWYER
http://notizie.tiscali.it/articoli/cronaca/14/05/13/corte-eu-motore-ricerca-responsanile-dati-123.html?cronaca,2014,NEWS
http://www.theglobeandmail.com/globe-debate/editorials/forget-me-but-dont-forget-to-protect-privacy-in-the-first-place/article19572676/,2014,NEWS
http://miedzynarodoweprawohandlowe.wordpress.com/2014/07/31/jak-zniknac-w-sieci-echa-wyroku-ets-z-13-maja-2014-r-w-sprawie-google-spain-v-aepd-i-mario-costeja-gonzalez/,2014,NEWS
http://news.yahoo.com/google-rates-internet-providers-video-streaming-quality-170528767--sector.html,2014,NEWS
http://jog.mandiner.hu/tag/mario_costeja_gonzalez/,2014,BLOG LAWYER
http://www.wired.co.uk/news/archive/2014-05/15/tags/mario-costeja-gonzalez,2014,NEWS
http://www.dmlp.org/blog/2014/will-eu-courts-privacy-ruling-break-internet,2014,BLOG INTERNET
http://notizie.tiscali.it/articoli/cronaca/14/05/13/corte-eu-motore-ricerca-responsanile-dati-123.html?cronaca,2014,NEWS
http://www.pcpro.co.uk/other/1000127/what-is-the-right-to-be-forgotten,2014,NEWS
https://cdt.org/blog/no-right-to-be-forgotten-says-the-eu%E2%80%99s-advocate-general/,2014,BLOG LAWYER
http://beltrangambieryelicam.blogspot.it/2014/05/analisis-del-caso-google-contra-agencia.html,2014,BLOG
http://www.laregion.es/articulo/espanha/mario-costeja-google-era-gran-herramienta-y-ahora-perfecta/20140513152045467811.html,2014,NEWS
http://ltaonline.wordpress.com/2014/06/05/chi-controlla-i-controllori-leuropa-google-e-il-diritto-alloblio/,2014,NEWS
http://blog.historians.org/2014/06/historians-potential-consequences-right-forgotten-ruling/,2014,BLOG
http://www.portolano.it/2013/06/,2013,BLOG LAWYER
http://www.juwiss.de/64-2014/,2014,BLOG LAWYER
http://news.yahoo.com/google-rates-internet-providers-video-streaming-quality-170528767--sector.html,2014,NEWS
http://www.hamlins.co.uk/wp-content/uploads/2014/09/World-Data-Protection-Report-Emma-Sheldon.pdf,2014,BLOG LAWYER
http://www.ibanet.org/Article/Detail.aspx?ArticleUid=0d7cae7f-89ca-42da-b744-0a6771d5dbcf,2014,BLOG LAWYER
http://www.bloomberg.com/news/2014-06-26/google-removes-search-results-in-wake-of-eu-privacy-case.html,2014,NEWS
http://www.osservatoriosullefonti.it/rubriche/fonti-comunitarie-e-internazionali/962-ue-corte-di-giustizia-causa-c-13112-google-spain,2014,BLOG LAWYER
http://www.cnpd.pt/bin/legis/juris/decisoes/20140513_TJUE_motoresBusca.pdf,2014,ENTI PUBBLICI
http://www.pcworld.com/article/2154281/europes-top-court-orders-google-to-forget.html,2014,NEWS
http://www.georgehwangllc.com/news-140701.html#sthash.b8pYddH5.dpbs,2014,BLOG LAWYER
http://reason.com/archives/2014/05/21/the-expurgated-internet,2014,BLOG
https://www.facebook.com/theguardian/posts/10152427567271323,2014,SOCIAL
http://blogs.lexisnexis.co.uk/wipit/right-to-be-forgotten-further/,2014,BLOG LAWYER
http://www.complianceweek.com/blogs/global-glimpses/eu-court-affirms-right-to-be-forgotten-in-landmark-data-privacy-case#.VKw0lSuG8tQ,2014,BLOG INTERNET
http://www.techeconomy.it/2014/06/11/diritto-alloblio-successo-quali-i-nodi-irrisolti/,2014,NEWS
http://www.epravo.cz/top/clanky/vybrane-prakticke-dopady-rozhodnuti-google-spain-sl-google-inc-vs-agencia-espaola-de-proteccion-de-datos-aepd-mario-costeja-gonzalez1-95363.html,2014,NEWS
http://www.aleagostini.com/diritto-all-oblio-online-21082014.html,2014,BLOG
http://www.portolano.it/pcc_newsletters/motori-di-ricerca-e-diritto-alloblio-corte-di-giustizia-nel-caso-google-spain/,2014,NEWS
http://www.euractiv.it/it/news/norme/7336-corte-di-giustizia-google-e-privacy-sentenza-in-arrivo.html,2013,BLOG LAWYER
http://www.diplomacy.edu/blog/what-european-court-justice-telling-us-google-case,2014,BLOG LAWYER
https://cdt.org/blog/no-right-to-be-forgotten-says-the-eu%E2%80%99s-advocate-general/,2013,BLOG LAWYER
http://www.filodiritto.com/news/2014/la-corte-di-giustizia-dellunione-europea-riconosce-il-diritto-alloblio-nei-confronti-del-motore-di-ricerca-di-google.html,2014,BLOG LAWYER
http://veja.abril.com.br/noticia/vida-digital/decisao-da-justica-europeia-abre-precedentes-para-censura-afirmam-criticos,2014,NEWS
http://web.docuticker.com/go/docubase/72050,2014,NEWS
http://www.questionegiustizia.it/articolo/oblio-o-rimozione-ovvero-la-memoria-ferita_16-07-2014.php,2014,BLOG LAWYER
http://www.plurale.net/siamo-sicuri-che-il-diritto-alloblio-non-sia-invece-una-stupidaggine/,2014,BLOG
http://www.opensocietyfoundations.org/voices/whats-wrong-erasing-information-web,2014,BLOG INTERNET
http://www.dorsey.com/eu-european-union-search-engine-privacy/,2014,BLOG LAWYER
http://www.epravo.cz/top/clanky/vybrane-prakticke-dopady-rozhodnuti-google-spain-sl-google-inc-vs-agencia-espaola-de-proteccion-de-datos-aepd-mario-costeja-gonzalez1-95363.html,2014,NEWS
http://tn.com.ar/personajes/mario-costeja-gonzalez,2014,NEWS
http://www.itproportal.com/2014/05/14/a-closer-look-at-the-eus-ruling-over-google-and-the-right-to-be-forgotten-privacy-issue/,2014,BLOG INTERNET
http://tn.com.ar/personajes/mario-costeja-gonzalez,2014,NEWS
http://sociedad.elpais.com/sociedad/2013/06/25/vidayartes/1372189102_695246.html,2013,news
http://www.telegraph.co.uk/technology/google/10834651/Ex-MP-asks-Google-for-right-to-be-forgotten.html,2014,news
http://florina-vevera.com/2014/05/19/google-spain-sl-google-inc-v-agencia-espanola-de-proteccion-de-datos-mario-costeja-gonzalez/,2014,blog
http://curia.europa.eu/juris/document/document.jsf?docid=123131&doclang=PL,2012,enti pubblici
http://curia.europa.eu/juris/document/document.jsf?docid=152065&doclang=IT,2014,enti pubblici
http://beltrangambieryelicam.blogspot.it/2014/05/analisis-del-caso-google-contra-agencia.html?view=magazine,2014,blog lawyer
http://www.nccg.it/neils-blog-10-google-right-time-ecj-hopelessly-wrong/,2014,blog
http://news.yahoo.com/google-rates-internet-providers-video-streaming-quality-170528767--sector.html,2014,news
http://europa.eu/rapid/press-release_CJE-14-70_en.htm,2014,enti pubblici
http://eilbek.net/tag/tags/mario-costeja-gonz%C3%A1lez,2014,privati
http://curia.europa.eu/juris/document/document.jsf?docid=123131&doclang=EN,2012,enti pubblici
http://curia.europa.eu/juris/document/document.jsf?docid=152065&doclang=RO,2014,enti pubblici
http://www.corrierecomunicazioni.it/it-world/27555_privacy-corte-ue-google-sempre-responsabile-dei-dati-personali-anche-di-terze-parti.htm,2014,news
http://www.epravo.cz/top/clanky/vybrane-prakticke-dopady-rozhodnuti-google-spain-sl-google-inc-vs-agencia-espaola-de-proteccion-de-datos-aepd-mario-costeja-gonzalez1-95363.html,2014,privati Informatici
http://www.caracol.com.co/noticias/tecnologia/mario-costeja-quotgoogle-era-una-gran-herramienta-y-ahora-es-perfectaquot/20140513/nota/2221985.aspx,2014,news
http://www.azlp.gov.ba/aktuelnosti/default.aspx?id=1008&langTag=bs-BA,2014,enti pubblici
http://www.usatoday.com/opinion/,2014,news
http://www.juwiss.de/64-2014/,2014,privati lawier
http://www.jurablogs.com/topic/mario-costeja-gonzalez,2014,blog lawyer
http://policyreview.info/articles/news/google-spain-case-court-decision-privatises-public-sphere/291,2014,privati lawier
http://curia.europa.eu/juris/document/document_print.jsf?doclang=SV&text=&pageIndex=0&part=1&mode=req&docid=152065&occ=first&dir=&cid=595905,2014,enti pubblici
http://curia.europa.eu/jcms/upload/docs/application/pdf/2014-05/cp140070pl.pdf,2014,enti pubblici
http://www.dmlp.org/blog/2014/will-eu-courts-privacy-ruling-break-internet,2014,blog lawyer
http://www.thedrum.com/opinion/2014/05/19/right-be-forgotten-should-policing-personal-information-be-googles-responsibility,2014,news
http://www.lexology.com/library/detail.aspx?g=4dda3133-e93d-4ec8-8d61-8ece97a9bb4e,2014,privati lawier
http://veja.abril.com.br/noticia/vida-digital/decisao-da-justica-europeia-abre-precedentes-para-censura-afirmam-criticos,2014,news
http://tn.com.ar/tecno/f5/la-union-europea-reconoce-el-derecho-al-olvido-en-internet_498784,2014,news
http://www.georgehwangllc.com/news-140701.html#sthash.UEqpDfHs.dpbs,2014,privati lawier
http://www.i-comp.org/wp-content/uploads/2014/07/RTBF-Overview1.pdf,2014,privati lawier
https://cdt.org/blog/no-right-to-be-forgotten-says-the-eu%E2%80%99s-advocate-general/,2014,privati lawier
https://europensblog.wordpress.com/tag/eu-data-protection-directive-9546ec/,2014,blog
http://www.diplomacy.edu/blog/what-european-court-justice-telling-us-google-case,2014,blog
https://www.linkedin.com/pulse/20140515060819-64875646-your-right-to-be-un-goolgled-and-the-irony-of-the-case,2014,social
http://blogs.lexisnexis.co.uk/wipit/right-to-be-forgotten-further/,2014,blog lawyer
http://www.lavanguardia.com/internet/20130625/54376259093/europa-da-la-razon-a-google-no-existe-el-derecho-al-olvido-en-internet.html,2013,news
http://www.lexology.com/library/detail.aspx?g=595e7b84-f0f0-4319-8327-a2426aafe6c5,2014,privati lawier
http://www.cnpd.pt/bin/legis/juris/decisoes/20140513_TJUE_motoresBusca.pdf,2014,enti pubblici
http://www.ibanet.org/About_the_IBA/About_the_IBA.aspx,2014,privati lawier
"http://noticias.terra.es/espana/mario-costeja-el-espanol-que-ha-ganado-a-google,8f6d328f5e2f5410VgnCLD2000000dc6eb0aRCRD.html",2014,news
http://www.loc.gov/lawweb/servlet/lloc_news?disp3_l205403984_text,2014,enti pubblici
http://www.learnmanx.com/cms/media/chris%20lewin/Manx%20Column_July_2014.pdf,2014,news
http://curia.europa.eu/juris/document/document.jsf?docid=138782&doclang=EN,2013,enti pubblici
http://www.lexology.com/library/detail.aspx?g=87095f02-06be-473b-978b-413650b157da,2014,privati lawier
https://inforrm.wordpress.com/2014/11/18/do-we-remember-the-point-of-the-right-to-be-forgotten-paul-bernal/,2014,news
http://blogues.radio-canada.ca/triplex/2014/09/30/catherine-mathys-9/,2014,news
http://www.solv.nl/weblog/hof-van-justitie-google-moet-op-verzoek-zoekresultaten-verwijderen/19936,2014,blog
http://njb.nl/blog/een-arrest-om-niet-te-vergeten.12196.lynkx,2014,blog lawyer
http://www.fabiomiliucci.it/blog/6-mario-costeja-gonzalez-vs-google-spain,2014,blog internet
http://www.rpc.co.uk/index.php?option=com_easyblog&view=entry&id=1121&Itemid=107,2014,blog
http://www.2civility.org/do-lawyers-have-a-right-to-be-forgotten/,2014,privati lawier
http://www.merca20.com/google-va-ganando-la-batalla-vs-el-derecho-al-olvido/,2013,privati lawier
http://www.brisbanetimes.com.au/comment/charles-waterstreet-the-law-is-full-of-ironies--the-more-privacy-we-seek-the-more-that-is-seen--take-barbara-streisand-20141018-117u0w.html,2014,news
http://www.ip-watch.org/2014/07/04/the-european-right-to-be-forgotten-might-be-a-pandoras-box/,2014,privati lawier
http://www.opensocietyfoundations.org/voices/whats-wrong-erasing-information-web,2014,privati lawier
https://thesauro.wordpress.com/category/mario-costeja/,2014,privati lawier
http://www.pcworld.com/article/2154281/europes-top-court-orders-google-to-forget.html,2014,news
http://www.brunchnews.com/tag/mario-costeja-gonzalez-news,2014,news
http://curia.europa.eu/jcms/upload/docs/application/pdf/2014-05/cp140070nl.pdf,2014,enti pubblici
http://curia.europa.eu/juris/document/document.jsf?docid=152065,2014,enti pubblici
http://curia.europa.eu/jcms/upload/docs/application/pdf/2014-05/cp140070da.pdf,2014,enti pubblici
http://curia.europa.eu/jcms/upload/docs/application/pdf/2014-05/cp140070pt.pdf,2014,enti pubblici
http://gestion.pe/tecnologia/derecho-al-olvido-google-2097398,2014,news
http://www.lexology.com/library/detail.aspx?g=44951573-0dda-49ab-95c4-cdd2e4fa8416,2014,privati lawier
http://blog.historians.org/2014/06/historians-potential-consequences-right-forgotten-ruling/,2014,blog
http://www.thewire.com/global/2014/05/eu-court-says-google-must-delete-some-links-when-asked/370065/,2014,news
http://www.lemondeinformatique.fr/actualites/lire-la-cour-de-justice-europeenne-impose-le-droit-a-l-oubli-a-google-57455.html,2014,privati Informatici
http://reason.com/archives/2014/05/21/the-expurgated-internet,2014,privati
https://www.huntonprivacyblog.com/2014/12/articles/article-29-working-party-issues-opinion-implementation-cjeu-ruling-costeja/,2014,blog lawyer
http://romancatholicimperialist.blogspot.it/2014/05/ricky-gervais-mr-x-who-had-affair-with.html,2014,blog
http://www.dorsey.com/eu-european-union-search-engine-privacy/,2014,privati
http://www.internet-law.de/2014/05/the-ecj-is-right-the-result-is-wrong.html,2014,accademic
http://europa.eu/rapid/press-release_CJE-13-77_en.htm,2013,enti pubblici
http://www.ilsole24ore.com/art/norme-e-tributi/2014-05-13/google-corte-ue-articoli-indesiderati-vanno-rimossi--105050.shtml?uuid=ABvy3qHB,2014,news
http://www.elconfidencial.com/tecnologia/2013/06/26/google-ganara-siempre-porque-tiene-tentaculos-en-todas-partes-5165/,2013,news
http://thenextweb.com/insider/2014/05/15/politician-paedophile-doctor-already-asked-google-forgotten-says-bbc/,2014,blog internet
http://nyhederne.tv2.dk/samfund/2014-05-13-domstol-man-skal-have-ret-til-blive-glemt-p%C3%A5-nettet,2014,news
http://hrlr.oxfordjournals.org/content/14/4/761.full,2014,news
https://decorrespondent.nl/1171/Google-moet-links-gaan-verwijderen-Wat-betekent-dat-/36015276-743f654b,2014,blog
http://www.magazinespain.com/tag/mario-costeja-gonzalez/,2014,news
http://www.computerundrecht.de/37206.htm,2014,privati Informatici
http://blogs.essex.ac.uk/hrc/2014/05/13/google-spain-freedom-of-expression-and-the-right-to-be-forgotten/,2014,accademic
http://irights.info/artikel/oeffentlichkeit-kennt-keine-beschraenkte-teilnehmerzahl/23173,2014,privati lawier
http://irights.info/artikel/der-eugh-google-und-das-vergessen-was-sagt-das-urteil-wirklich/23027,2014,privati lawier
http://eldia.es/sociedad/2014-05-13/13-Mario-Costeja-Google-era-gran-herramienta-ahora-es-perfecta.htm,2014,news
http://www.diariocordoba.com/noticias/sociedad/mario-costeja-impulsor-demanda-ya-no-lucho-por-van-detras_812590.html,2013,news
http://www.information.dk/telegram/497302,2014,news
http://www.geoado.com/actualites/google-justice-e-reputation-oubli-57218,2014,news
http://www.g00dt0kn0w.com/contourner-droit-oubli-google,2014,news
http://blog.wikimedia.org/2014/08/06/european-court-decision-punches-holes-in-free-knowledge/,2014,blog
http://curia.europa.eu/juris/document/document.jsf?docid=153853&doclang=EN,2014,enti pubblici
http://curia.europa.eu/jcms/upload/docs/application/pdf/2014-05/cp140070el.pdf,2014,enti pubblici
http://www.technollama.co.uk/you-have-the-right-to-be-forgotten,2014,blog internet
http://sainformacio.com/other/16-costeja-gonzlez-and-a-memorable-fight-for-the-right-to-be-forgotten.html,2014,privati
http://www.pbs.org/newshour/rundown/europes-high-court-upholds-right-forgotten-web/,2014,news
http://www.crocels.info/news/5783/mario-costeja-gonzalez-ruling-unlawful/,2014,privati Informatici
http://www.theglobeandmail.com/globe-debate/editorials/a-right-to-be-forgotten-forget-about-it/article18650111/,2014,news
http://www.rdj.ie/publications/media_law/Media%20Law%20Bulletin_July%202014.pdf,2014,privati lawier
http://www.newyorker.com/magazine/2014/09/29/solace-oblivion,2014,news
http://www.wsj.com/articles/google-starts-removing-search-results-under-europes-right-to-be-forgotten-1403774023,2014,news
http://blog.ericgoldman.org/archives/2014/08/primer-on-european-unions-right-to-be-forgotten-excerpt-from-my-internet-law-casebook-bonus-linkwrap.htm,2014,blog lawyer
http://cs.wikipedia.org/wiki/Pr%C3%A1vo_na_zapomn%C4%9Bn%C3%AD,2014,wikipedia
http://curia.europa.eu/jcms/upload/docs/application/pdf/2014-05/cp140070hu.pdf,2014,enti pubblici
http://curia.europa.eu/jcms/upload/docs/application/pdf/2014-05/cp140070sl.pdf,2014,enti pubblici
http://blog.krollontrack.co.uk/top-tips/5-things-need-know-right-forgotten/,2014,blog internet
http://cde.uv.es/documentos/menujuris/item/12867-sentencia-tjue-asunto-c-131-12-google-spain-s-l-google-inc-agencia-espanola-de-proteccion-de-datos-mario-costeja-gonzalez-de-13-de-mayo-de-2014.html,2014,accademic
http://www.downloadblog.it/post/108313/diritto-a-essere-dimenticati-google-perde-la-prima-causa-in-europa,2014,news
"http://wyborcza.biz/biznes/1,100896,13468372,Czy_mozna_zniknac_z_wyszukiwarki_internetowej_.html",2013,news
http://www.franceculture.fr/sites/default/files/2014/05/13/4849378/fichiers/CP140070FR.pdf,2014,enti pubblici
http://www.latimes.com/opinion/editorials/la-ed-google-privacy-eu-20140515-story.html,2014,news
http://www.medialaws.eu/court-of-justice-of-the-european-union-judgment-in-case-c-13112-google-spain-sl-google-inc-v-agencia-espanola-de-proteccion-de-datos-mario-costeja-gonzalez/,2014,privati lawier
http://www.click.co.uk/blog/google-forced-to-delete-irrelevant-links-about-individuals-from-results-pages/,2014,blog
https://www.digitale-gesellschaft.ch/2014/08/25/die-wichtigsten-punkte-aus-dem-urteil-zum-recht-auf-vergessenwerden/,2014,privati lawier
http://www.mcgarrsolicitors.ie/wp-content/uploads/2014/05/CJEU-Judgment-Google-v-AEPD.pdf,2014,enti pubblici
http://johnetherton.com/,2014,news
http://lauremarino.blogspot.it/2014/07/droit-oubli-numerique-consacre-par-cjue-arret-Google.html,2014,blog lawyer
http://www.theguardian.com/media/2014/nov/13/google-french-arm-fines-right-to-be-forgotten,2014,news
https://www.linkedin.com/pulse/20141114172634-105360954-5-things-you-need-to-know-about-the-right-to-be-forgotten,2014,social
http://www.elconfidencial.com/tecnologia/2013/06/25/google-se-la-juega-hoy-en-europa-5152/,2013,news
http://www.iowastatedaily.com/dct/article_2a55919e-6f2d-11e4-85bf-cf780f5001a1.html,2014,news
http://www.afp-medienrecht.de/38571.htm,2014,privati
http://giplatform.org/resources/european-right-be-forgotten-might-be-pandora%E2%80%99s-box,2012,privati lawier
http://www.slideshare.net/jaspurewal/jp-ie-presentation-cloud-gaming-the-key-legal-issues-may-2014,2014,privati
http://www.rainews.it/dl/rainews/articoli/google-responsabile-di-dati-pubblicati-da-tersi-corte-ue-da-ragione-a-cittadino-spagnolo-che-aveva-querelato-il-motore-di-ricerca-039eb3e4-b192-430a-b9f5-9a8f5cefe7e1.html,2014,news
http://expresso.sapo.pt/google-um-vicio-grande-demais-para-ser-vencido=f871153,2014,news
http://www.rechtsanwaltskanzlei-urheberrecht.de/news/Aktuelles_zum_Urheberrecht_1/Europaeischer_Gerichtshof_bejaht_das_Recht_vergessen_zu_werden_durch_Google_Urteil_vom_13.05.2014_Rechtssache_C-131_12,2014,privati lawier
http://swarb.co.uk/google-spain-sl-v-agencia-espanola-de-proteccion-de-datos-aepd-gonzalez-ecj-25-jun-2013/,2014,privati lawier
http://web.docuticker.com/go/docubase/72050,2014,news
http://www.lexology.com/library/detail.aspx?g=bac644d9-224f-43a9-a751-a5616b466ce8,2014,privati lawier
http://theconversation.com/google-court-ruling-creates-a-more-forgetful-internet-26696,2014,news
http://www.lexvivo.com/2014_05_01_archive.html,2014,blog lawyer
http://curia.europa.eu/juris/document/document_print.jsf;jsessionid=9ea7d2dc30d5af5b3b572faf47328d83e139838f5c2d.e34KaxiLc3qMb40Rch0SaxuNbh90?doclang=FI&text=&pageIndex=0&part=1&mode=DOC&docid=152065&occ=first&dir=&cid=411646,2014,enti pubblici
http://www.csmonitor.com/Commentary/the-monitors-view/2014/0514/In-Google-searches-of-names-a-right-to-be-forgiven,2014,news
http://venturebeat.com/2014/08/04/eus-right-to-be-forgotten-law-hits-wikipedia/,2014,news
http://www.traublieberman.com/cyber-law/2014/1113/5589/,2014,blog
http://betanews.com/2014/05/13/privacy-victory-google-told-that-people-have-a-right-to-be-forgotten-online/,2014,privati Informatici
http://www.isidorsfugue.com/2014/12/european-union-wants-more-effective-and.html,2014,news
http://netzwertig.com/2014/05/15/recht-auf-vergessen-suchmaschinenoptimierung-ist-besser-als-rechtsstreit/,2014,privati
http://www.eurescom.eu/news-and-events/eurescommessage/eurescom-message-1-2014/news-in-brief.html,2014,privati lawier
http://www.pcpro.co.uk/other/1000127/what-is-the-right-to-be-forgotten,2014,blog internet
http://www.majedkhalil.info/mario-costeja-gonzalez/,2014,blog internet
http://eur-lex.europa.eu/legal-content/FI/TXT/?uri=CELEX:62012CJ0131,2014,enti pubblici
http://curia.europa.eu/jcms/upload/docs/application/pdf/2014-05/cp140070lt.pdf,2014,enti pubblici
http://curia.europa.eu/juris/liste.jsf?language=es&num=C-131/12,2014,enti pubblici
http://internationalbarassociation.wordpress.com/2014/06/20/right-to-be-forgotten-ruling-sparks-fresh-debate-over-privacy-and-freedom-of-expression/,2014,blog lawyer
http://www.law.kuleuven.be/strafrecht/BijlagenENGenNEDL/google-case,2014,privati lawier
http://hrlr.oxfordjournals.org/cgi/content/short/ngu033v2?rss=1,2014,news
http://hemeroteca.lavanguardia.com/preview/1998/03/09/pagina-13/33837533/pdf.html,2011,news
http://www.degruyter.com/view/j/cri.2014.15.issue-4/cri-2014-0403/cri-2014-0403.xml,2014,privati lawier
http://www.complianceweek.com/blogs/global-glimpses/eu-court-affirms-right-to-be-forgotten-in-landmark-data-privacy-case#.VJBB0mSG9y8,2014,blog
http://www.elconfidencial.com/tecnologia/2013/03/19/el-gran-inquisidor-un-espanol-defiende-a-google-en-bruselas-4491,2013,news
http://www.laopinioncoruna.es/sociedad/2014/05/13/mario-costeja-google-gran-herramienta/840310.html,2014,news
http://www.lavanlegal.com.au/index.php/publications/publicationdetail/who_remembers_a_name_or_a_criminal_conviction_the_european_court_of_justice,2014,privati lawier
https://noticiasmicrojuris.files.wordpress.com/2014/06/mj-doc-6736-ar.pdf,2014,accademic
http://www.globalhrlaw.com/resources/google-ruling-leaves-employers-searching-for-answers-on-data,2014,privati lawier
http://curia.europa.eu/juris/liste.jsf?language=de&num=C-131/12,2014,enti pubblici
http://www.wsj.com/news/articles/SB10001424052702303851804579560133832596124?mod=brieflyrelnews,2014,news
http://lawjusticejournalism.org/2014/05/13/google-spain-freedom-of-expression-and-the-right-to-be-forgotten/,2014,blog lawyer
http://www.fattodiritto.it/diritto-alloblio-ed-internet-il-caso-di-google/,2014,news
http://www.timebase.com.au/news/2014/AT258-article.html,2014,privati lawier
http://www.mckinty-wright.co.uk/category/articles/,2014,privati lawier
http://www.droit-medias-culture.com/CJUE-Google-Spain-SL-Google-Inc.html,2014,privati lawier
http://www.telegraph.co.uk/technology/google/10945812/Google-restores-links-to-Telegraphs-deleted-articles.html,2014,news
http://phys.org/news/2014-05-freedom-forgotten.html,2014,news
http://punto-informatico.it/4048752/PI/News/ue-google-sia-arbitro-dell-oblio.aspx,2014,news
http://www.theguardian.com/technology/2014/oct/21/right-to-be-forgotten-who-may-exercise-power-information,2014,news
http://www.briemlaw.at/de/aktuelles/costeja-vs-google,2014,accademic
http://elpasonews.org/2014/06/google-teaches-us-dangers-passive-personality-principle/,2014,news
http://www.nuv.nl/downloadcentrum/persbericht-google-recht-vergeten-te-worden.474245.lynkx,2014,enti pubblici
http://www.lexology.com/library/detail.aspx?g=b1e0243c-36c0-482b-b325-e718f9794e00,2014,privati lawier
http://www.beobachter.ch/konsum/multimedia/artikel/google_google-droht-neue-klage-wegen-loeschungspflicht/,2014,news
https://www.google.com/search?q=%22mario+costeja+gonzalez%22&num=100&biw=1436&bih=802&ei=ammPVKLsFIHlUqfNgegP&start=300&sa=N&filter=0,2014,news
http://www.netzpiloten.de/das-recht-auf-vergessen-gefaehrdet-die-pressefreiheit/,2014,blog
http://europa.eu/rapid/press-release_CJE-14-70_sv.htm,2014,enti pubblici
http://eur-lex.europa.eu/legal-content/ES/TXT/?uri=CELEX:62012CJ0131,2014,enti pubblici
http://www.wsj.com/news/articles/SB10001424052702303851804579560133832596124?mod=_newsreel_2,2014,news
http://edition.cnn.com/2014/05/13/business/google-right-to-be-forgotten/,2014,news
http://www.ovslaw.com/vida-privada-vs-interes-publico-una-lectura-de-la-sentencia-tjue-1352014/,2014,privati lawier
http://blawblaw.se/2014/06/do-we-need-an-international-law-doctrine-of-selective-legal-compliance-to-protect-internet-intermediaries/,2014,blog lawyer
http://derechoaleer.org/media/files/olvido/LVG19980119-023.pdf,2014,privati Informatici
http://www.epravo.cz/top/clanky/pravo-byt-zapomenut-a-dalsi-dopady-rozsudku-sdeu-c-13112-google-spain-94498.html,2014,privati Informatici
http://www.slate.com/blogs/future_tense/2014/12/11/google_news_is_ditching_spain_because_of_the_terrible_google_tax.html,2014,news
http://conflictoflaws.net/2014/ecj-rules-on-territorial-reach-of-eu-data-protection-law/,2014,privati lawier
http://edelmaneditions.com/2014/05/google-never-forgets/,2014,blog
http://www.linkiesta.it/sentenza-corte-ue-google,2014,news
http://blog.wolterskluwer.ro/2014/05/cauza-c-13112-google-spain-sl-google-inc-agencia-espanola-de-proteccion-de-datos-mario-costeja-gonzalez/,2014,blog lawyer
http://www.theweek.co.uk/technology/58531/google-ruling-an-attack-on-freedom-says-rights-group,2014,news
http://www.conjur.com.br/2014-mai-28/direito-comparado-direito-apagar-dados-decisao-tribunal-europeu-google-espanha,2014,privati lawier
http://curia.europa.eu/juris/document/document.jsf?docid=123131&doclang=DE,2012,enti pubblici
http://curia.europa.eu/juris/document/document.jsf?docid=138782&,2013,enti pubblici
http://curia.europa.eu/jcms/upload/docs/application/pdf/2014-05/cp140070bg.pdf,2014,enti pubblici
http://curia.europa.eu/juris/liste.jsf?language=el&num=c-131/12,2014,enti pubblici
http://www.venice.coe.int/webforms/documents/?pdf=CDL-JU(2014)014-e,2014,enti pubblici
http://www.mondaq.com/x/256196/data+protection/Opinion+Of+EU+Advocate+General+On+Right+To+Be+Forgotten+And+Territorial+Application+Of+Data+Protection+Rules+To+Search+Engines,2013,enti pubblici
http://www.dataguardsman.co.uk/google-the-new-ozymandias/,2014,privati Informatici
http://fortune.com/2014/10/07/right-to-be-forgotten/,2014,news
http://www.engadget.com/2014/06/02/right-to-be-forgotten-explainer/,2014,privati Informatici
http://www.raoe.at/news/single/archive/urteil-eugh-google-recht-auf-vergessen/,2014,accademic
http://curia.europa.eu/jcms/upload/docs/application/pdf/2014-05/cp140070sk.pdf,2014,enti pubblici
http://curia.europa.eu/jcms/upload/docs/application/pdf/2014-05/cp140070hr.pdf,2014,enti pubblici
http://curia.europa.eu/juris/liste.jsf?language=fi&num=C-131/12,2014,enti pubblici
http://curia.europa.eu/jcms/upload/docs/application/pdf/2013-06/cp130077fr.pdf,2013,enti pubblici
http://www.pri.org/stories/2014-05-13/europeans-can-now-request-information-about-themselves-be-removed-web,2014,news
http://indianexpress.com/article/technology/technology-others/six-things-you-need-to-know-about-right-to-be-forgotten-ruling/,2014,news
http://www.legavox.fr/blog/maitre-anthony-bem/internet-google-condamne-supprimer-contenus-14925.pdf,2014,blog lawyer
http://www.talkingnewmedia.com/2014/05/13/eu-court-of-justice-rules-against-google-in-link-case-reaffirms-right-to-be-forgotten/,2014,blog internet
http://hrlr.oxfordjournals.org/content/early/2014/10/30/hrlr.ngu033.short?rss=1,2014,privati lawyer
https://crepello.wordpress.com/,2014,blog
http://www.saintylaw.com.au/2014/05/19/eu-right-to-be-forgotten/,2014,privati lawyer
http://europeanlawblog.eu/?tag=right-to-be-forgotten,2014,blog lawyer
http://www.euinside.eu/en/news/individual-freedom-and-freedom-of-expression-data-protection,2014,news
http://www.hbo.com/#/schedule/detail/Last+Week+Tonight+with+John+Oliver+04/599497,,
http://blog.zwillgen.com/2014/05/13/right-erasure-already-regulators-disgruntled-people-win-greater-control-search-results/,2014,blog internet
http://www.arthurcox.com/publications/law-society-gazette-cover-story-anna-morgan-july-2014/,2014,privati lawyer
http://www.thetimes.co.uk/tto/law/article4102380.ece,2014,news
http://euobserver.com/news/124125,2014,news
http://www.leggioggi.it/wp-content/uploads/2014/05/sentenza-corte-di-giustizia.pdf,2014,news
http://curia.europa.eu/jcms/upload/docs/application/pdf/2014-05/cp140070ro.pdf,2014,enti pubblici
http://www.bdifferent.ie/blog/seo#.VJCw8yuG-So,2014,blog internet
https://www.ifex.org/europe_central_asia/2014/07/21/right_forgotten/,2014,privati informatici/associazione
http://curia.europa.eu/jcms/upload/docs/application/pdf/2014-05/cp140070et.pdf,2014,enti pubblici
http://www.addleshawgoddard.com/view.asp?content_id=7492&parent_id=6323,2014,privati lawyer
http://europeanlawblog.eu/?tag=google,2014,blog lawyer
http://www.ft.com/cms/s/0/157eecaa-db82-11e3-b112-00144feabdc0.html#axzz3M6OwYOzr,2014,news
http://www.ft.com/intl/cms/s/0/eccff7f6-dc3d-11e3-8511-00144feabdc0.html#axzz3M6OwYOzr,2014,news
http://www.lambadarioslaw.gr/newsletter/may_2014.pdf,2014,privati lawyer
http://www.cr-online.de/38571.htm,2014,privati lawyer
http://curia.europa.eu/juris/fiche.jsf?id=C%3B131%3B12%3BRP%3B1%3BP%3B1%3BC2012%2F0131%2FJ,2014,enti pubblici
http://www.bto.co.uk/blog.aspx,2014,blog lawyer
http://eur-lex.europa.eu/legal-content/PL/TXT/?uri=CELEX:62012CJ0131,2014,enti pubblici
http://www.arthurcox.com/wp-content/uploads/2014/07/Law-Society-Gazette_July-2014_Cover-story.pdf,2014,privati lawyer
http://www.ebuyer.com/blog/2014/10/thousands-of-right-to-be-forgotten-requests-are-uk-based/,2014,blog internet
http://www.grundrechte.ch/CMS//google-muss-suchergebnisse-loeschen.html,2014,privati lawyer
http://www.geeksquad.co.uk/articles/what-is-the-right-to-be-forgotten,2014,privati informatici
"http://noticias.terra.com.co/ciencia/mario-costeja-google-era-una-gran-herramienta-y-ahora-es-perfecta,948c66dabc6f5410VgnCLD200000b0bf46d0RCRD.html",2014,news
http://jasonwalsh.ie/jw/?p=1825,2014,privati giornalisti
http://itlaw.wikia.com/wiki/Factsheet_on_the_'Right_to_be_Forgotten'_ruling,2014,social
https://www.google.com/url?sa=t&rct=j&q=&esrc=s&source=web&cd=441&cad=rja&uact=8&ved=0CK8CEBYwKDiQAw&url=http%3A%2F%2Feuropa.eu%2Frapid%2Fpress-release_CJE-14-70_ro.pdf&ei=rrCSVJmzJYzaavrTgfgI&usg=AFQjCNGrg3u6MiI1J7G6FFsguOldpaBHCA,2014,enti pubblici
http://www.wired.co.uk/news/archive/2014-05/13/right-to-be-forgotten-ruling,2014,news
http://europa.eu/rapid/press-release_CJE-14-70_pl.htm,2014,enti pubblici
http://europa.eu/rapid/press-release_CJE-13-77_sv.htm,2013,enti pubblici
https://www.bestvpn.com/blog/9826/what-the-european-ruling-on-right-to-be-forgotten-means/,2014,blog internet
http://ryersonjournalism.ca/2014/12/09/unpublishing-digital-content-changes-the-public-record-critics-say/,2014,news
http://curia.europa.eu/jcms/upload/docs/application/pdf/2014-05/cp140070lv.pdf,2014,enti pubblici
http://www.nzherald.co.nz/technology/news/article.cfm?c_id=5&objectid=11254958,2014,news
http://www.smithpartnership.co.uk/the-right-to-be-forgotten.aspx,2014,privati lawyer
https://denhollander.info/artikel/11606,2014,privati accademia
http://www.law.cam.ac.uk/press/news/2014/11/david-erdos-interviewed-on-the-right-to-be-forgotten/2806,2014,privati accademia
http://www.usnews.com/opinion/articles/2014/05/13/should-eu-google-users-have-privacy-rights-to-remove-search-links,2014,news
http://www.bbc.co.uk/mundo/noticias/2014/05/140513_tecnologia_derecho_olvido_ue_sentencia_aa,2014,news
http://www.bbc.com/news/business-28130581,2014,news
http://vision.visaeurope.com/article/the-right-to-be-forgotten-drawing-the-line/5099103178fd3b691a1a20ef56e08c2c,2014,privati
https://mac.gov.pl/aktualnosci/trybunal-sprawiedliwosci-unii-europejskiej-potwierdza-prawo-do-bycia-zapomnianym-w,2014,enti pubblici
https://www.meneame.net/m/tecnolog%C3%ADa/inolvidable-historia-embargo-moroso-mario-costeja-gonzalez,2014,blog internet
http://blogs.wsj.com/digits/2014/06/26/the-right-to-be-forgotten-before-and-after/,2014,blog internet
http://europeanlawblog.eu/?tag=directive-9546-ec,2014,enti pubblici
http://www.smh.com.au/world/google-removes-first-search-results-after-eu-ruling-20140626-zsnn9.html,2014,news
http://www.theguardian.com/technology/2014/may/30/google-good-faith-fogotten-patience-ruling-internet,2014,news
http://www.csrandthelaw.com/2014/05/13/european-court-establishes-right-to-be-forgotten-online/,2014,privati lawyer
http://europa.eu/rapid/press-release_CJE-14-70_bg.htm,2014,enti pubblici
http://solutions.wolterskluwer.com/blog/2014/10/the-right-to-be-forgotten/,2014,blog internet
http://www.clarin.com/sociedad/Derecho-olvido-debate-mundial_0_1142285832.html,2014,news
http://www.csmonitor.com/The-Culture/Verbal-Energy/2014/0529/Grasping-the-idea-of-what-it-means-to-forget,2014,news
http://eulitigationblog.com/2014/06/07/case-c-13112-google-spain-responsibility-of-search-engine-operators-for-the-processing-of-personal-data/comment-page-1/,2014,blog lawyer
http://eur-lex.europa.eu/legal-content/EN/TXT/?uri=CELEX:62012CC0131,2013,enti pubblici
http://www.carnglobal.com/brand-ruling-could-open-floodgates/,2014,privati online data analysis
http://www.digitaltrends.com/mobile/european-court-rules-google-must-remove-links-personal-material-requested/,2014,privati lawyer
http://motherboard.vice.com/read/eu-google-has-to-let-you-be-forgotten,2014,news
http://www.ip-rechtsberater.de/38571.htm,2014,privati lawyer
http://www.forbes.com/sites/nigamarora/2014/05/13/forgetting-could-get-expensive-for-google-and-others/,2014,news
http://www.ft.com/intl/cms/s/0/ca59746e-da84-11e3-a448-00144feabdc0.html#axzz3M6OwYOzr,2014,news
http://www.barrysookman.com/2014/12/01/the-right-to-be-forgotten-guideline-from-the-article-29-working-party/,2014,privati lawyer
http://diepresse.com/home/recht/rechtallgemein/3804684/EuGH_Recht-auf-Vergessenwerden-durch-Google,2014,news
http://fionainwonderland.com/2014/06/23/the-right-to-be-forgotten-forgetting-and-resolving-the-conflict-that-lies-between/,2014,privati
http://theday.co.uk/international/google-ordered-to-cut-links-with-the-past,2014,news
http://blawblaw.se/tag/international-law/,2014,privati lawyer
http://blawblaw.se/tag/internet-intermediaries/,2014,privati lawyer
http://blawblaw.se/tag/c-13112/,2014,privati lawyer
https://freedom-to-tinker.com/blog/abridy/google-spain-and-the-right-to-be-forgotten/,2014,blog internet
http://mediawatch.dk/Medienyt/article6727909.ece,2014,news
http://europa.eu/rapid/press-release_CJE-14-70_hr.htm,2014,enti pubblici
http://www.covario.com/tag/privacy/,2014,privati informatici
http://www.covario.com/tag/google-updates/,2014,privati informatici
http://www.globallawwatch.com/2014/05/jurisdictional-reach-of-eu-privacy-laws-clarified-right-to-be-forgotten-affirmed-in-landmark-european-court-of-justice-decision/,2014,privati lawyer
http://www.mondaq.com/australia/x/315918/Social+Media/The+European+Court+of+Justice+rules+on+the+right+to+be+forgotten+in+data+protection,2014,news
http://www.computing.co.uk/ctg/opinion/2346491/the-right-to-be-forgotten-forgetting-the-practicalities,2014,news
http://www.pbs.org/newshour/rundown/google-reinstates-links-criticism-censorship/,2014,news
https://www.google.com/url?sa=t&rct=j&q=&esrc=s&source=web&cd=498&cad=rja&uact=8&ved=0CKcFEBYwYTiQAw&url=http%3A%2F%2Fwww.rijksoverheid.nl%2Fbestanden%2Fdocumenten-en-publicaties%2Fkamerstukken%2F2014%2F07%2F03%2Farrest-hof-van-justitie-eu-van-13-mei-2014-inzake-google-aepd%2Flp-v-j-0000005972.pdf&ei=rrCSVJmzJYzaavrTgfgI&usg=AFQjCNFS6yoZnO9IWzHsH5MqqOTsfJAe6w,2014,enti pubblici
http://www.wired.co.uk/news/archive/2014-07/30/right-to-be-forgotten-is-wrong,2014,news
http://www.businessweek.com/articles/2014-05-30/how-google-will-allow-europeans-to-be-forgotten,2014,news
http://sites.securepaynet.net/redirect_0.html,,
http://gg.ieeeiitr.com/currentissue/,2014,news
https://www.123-reg.co.uk/blog/search-engines/rewriting-history-on-google-the-right-to-be-forgotten-online/,2014,blog
http://www.bbc.com/news/magazine-28562156,2014,news
https://www.linkedin.com/pulse/20140612200707-3914877-why-we-need-the-right-to-be-forgotten,2014,social
http://www.ispreview.co.uk/index.php/2014/05/eu-court-rules-people-sometimes-right-forgotten-online.html,2014,privati informatici
http://eur-lex.europa.eu/legal-content/IT/TXT/?uri=CELEX:62012CJ0131,2014,enti pubblici
http://www.saflii.org/za/journals/DEREBUS/2014/238.html,2014,enti pubblici
http://www.pbs.org/newshour/rundown/google-reinstates-links-criticism-censorship/,2014,news
http://www.wired.co.uk/news/archive/2014-07/30/right-to-be-forgotten-is-wrong,2014,news
http://www.businessweek.com/articles/2014-05-30/how-google-will-allow-europeans-to-be-forgotten,2014,news
http://gg.ieeeiitr.com/currentissue/,2014,news
https://www.123-reg.co.uk/blog/search-engines/rewriting-history-on-google-the-right-to-be-forgotten-online/,2014,blog
http://www.bbc.com/news/magazine-28562156,2014,news
https://www.linkedin.com/pulse/20140612200707-3914877-why-we-need-the-right-to-be-forgotten,2014,social
http://www.ispreview.co.uk/index.php/2014/05/eu-court-rules-people-sometimes-right-forgotten-online.html,2014,privati informatici
http://www.saflii.org/za/journals/DEREBUS/2014/238.html,2014,enti pubblici
http://www.jdsupra.com/legalnews/the-right-to-be-forgotten-57103/,2014,privati
https://edri.org/google-takes-the-first-steps-to-comply-with-european-court-ruling/,2014,blog internet
http://europa.eu/rapid/press-release_CJE-14-70_nl.htm,2014,enti pubblici
http://www.yasni.ca/mario+costeja+gonz%C3%A1lez/check+people/spain,,?social
http://www.ft.com/intl/cms/s/0/6ff56e62-e29d-11e3-ba64-00144feabdc0.html#axzz3M6OwYOzr,2014,news
http://oglobo.globo.com/sociedade/tecnologia/google-ja-recebe-pedidos-para-remover-links-apos-decisao-da-justica-europeia-12486204,2014,news
http://www.brisbanetimes.com.au/comment/charles-waterstreet-the-law-is-full-of-ironies--the-more-privacy-we-seek-the-more-that-is-seen--take-barbara-streisand-20141018-117u0w.html,2014,news
http://m.elsalvador.com/smartphones/articulo.aspx/47976/8775879/usuarios-podran-reclamar-a-google-por-su-privacidad#.VJDGPSuG-So,2014,news
http://novojuris.com/2014/08/26/right-to-be-forgotten-legal-validity-and-practical-challenges/,2014,private lawyer
http://www.bjr.org.uk/blog/2014/09/01/computer-memory/,2014,blog
"http://www.chapmantripp.com/publications/Pages/Google-decision---good-for-gangstas,-but-not-in-New-Zealand.aspx",2014,privacy lawyer
http://ryersonjournalism.ca/,2014,
http://arstechnica.com/tech-policy/2014/05/google-must-erase-inadequate-links-court-says/,2014,news
http://ec.europa.eu/justice/data-protection/files/factsheets/factsheet_rtbf_mythbusting_en.pdf,2014,enti pubblici
http://curia.europa.eu/juris/document/document.jsf?docid=153853&doclang=FR,2014,enti pubblici
http://www.pinderreaux.com/media-law/the-right-to-be-forgotten,,private lawyer
http://www.businessweek.com/news/2014-06-26/google-removes-search-results-in-wake-of-eu-privacy-case,2014,news
http://www.thedrum.com/news/2014/05/13/you-can-get-your-name-old-google-stories-shock-euro-court-reverses-previous-opinion,2014,news
http://www.abc.es/tecnologia/redes/20141010/abci-derecho-olvido-union-europea-201410101426.html,2014,news
https://www.accessnow.org/blog/2014/07/10/three-things-you-should-know-about-the-google-spain-case,2014,blog internet
http://metro.co.uk/2014/10/26/website-publishes-lists-of-googles-right-to-be-forgotten-articles-4922259/,2014,news
https://edri.org/balancing-rights-unless-talking-copyright/,2014,
http://papers.ssrn.com/sol3/papers.cfm?abstract_id=2496060,2014,academic
http://www.bloomberg.com/news/2014-06-26/google-removes-search-results-in-wake-of-eu-privacy-case.html,2014,news
http://www.lauravivet.com/?lang=en,2014,private lawyer
http://www.telegraph.co.uk/technology/google/10833257/Eric-Schmidt-ECJ-struck-wrong-balance-over-right-to-be-forgotten.html,2014,news
http://www.i-comp.org/blog/2014/google-still-refusing-recognize-privacy-rights-ico-intervenes/,2014,privati
http://privacy.apti.ro/2014/11/01/ultima-intalnire-google-advisory-council-dreptul-de-a-fi-uitat/,2014,privati
http://www.bbc.co.uk/programmes/p01ztvcp,2014,news
http://www.wsj.com/articles/SB10001424052702303851804579559280623224964,2014,news
http://www.rte.ie/news/2014/1010/651441-google-removal/,2014,news
http://www.businesscloudnews.com/2014/05/13/eu-court-backing-right-to-be-forgotten-a-wake-up-call-to-businesses/,2014,privati online data analysis
http://motherboard.vice.com/en_ca/read/eu-google-has-to-let-you-be-forgotten,2014,news
http://www.pagina12.com.ar/diario/suplementos/radar/9-9732-2014-05-18.html,2014,news
http://www.wired.co.uk/news/archive/2014-05/15/google-right-to-reply,2014,news
http://ryersonjournalism.ca/,2014,news
http://www.cio.com/article/2859251/internet/why-google-should-leave-europe.html,2014,news
http://www.computerworld.com/article/2859176/why-google-should-leave-europe.html,2014,news
http://www.parlamentnilisty.cz/arena/monitor/Pravo-na-zapomneni-neni-samozrejmost-350432,2014,private lawyer
http://www.bekasipos.com/index.php/cosmo-biz/tekno-a-sains/1549-google-mulai-hapus-nama-di-mesin-pencari.html,2014,
http://article.wn.com/view/2014/12/11/Google_Shutting_Down_Google_News_in_Spain/,2014,News
http://www.itworld.co.kr/news/91044,2014,privati informatici
http://www.tagesanzeiger.ch/digital/internet/Googles-Baustellen-in-Europa/story/17040157,2014,news
http://europeanlawblog.eu/,2014,enti pubblici
http://sociedadtrespuntocero.com/2014/12/de-la-libertad-de-expresion-al-derecho-de-ser-olvidado/,2014,news
http://technewsnow.com/news/europe-eyes-shutdown-of-google-s-spanish-news-service,2014,privati informatici
http://news.zumst.com/articles/18408420?cm=popular,2014,privati
http://www.lavanguardia.com/tecnologia/internet/20140514/54407896513/mario-costeja-google.html,2014,news